time;date
21;26.08.2023
22;26.08.2023
23;26.08.2023
0;26.08.2023
1;26.08.2023
2;26.08.2023
3;27.08.2023
4;27.08.2023
5;27.08.2023
6;27.08.2023
7;27.08.2023
8;27.08.2023
9;27.08.2023
10;27.08.2023
11;27.08.2023
12;27.08.2023
13;27.08.2023
14;27.08.2023
15;27.08.2023
16;27.08.2023
17;27.08.2023
18;27.08.2023
19;27.08.2023
20;27.08.2023
21;27.08.2023
22;27.08.2023
23;27.08.2023
0;27.08.2023
1;27.08.2023
2;27.08.2023
3;28.08.2023
4;28.08.2023
5;28.08.2023
6;28.08.2023
7;28.08.2023
8;28.08.2023
9;28.08.2023
10;28.08.2023
11;28.08.2023
12;28.08.2023
13;28.08.2023
14;28.08.2023
15;28.08.2023
16;28.08.2023
17;28.08.2023
18;28.08.2023
19;28.08.2023
20;28.08.2023
21;28.08.2023
22;28.08.2023
23;28.08.2023
0;28.08.2023
1;28.08.2023
2;28.08.2023
3;29.08.2023
4;29.08.2023
5;29.08.2023
6;29.08.2023
7;29.08.2023
8;29.08.2023
9;29.08.2023
10;29.08.2023
11;29.08.2023
12;29.08.2023
13;29.08.2023
14;29.08.2023
15;29.08.2023
16;29.08.2023
17;29.08.2023
18;29.08.2023
19;29.08.2023
20;29.08.2023
21;29.08.2023
22;29.08.2023
23;29.08.2023
0;29.08.2023
1;29.08.2023
2;29.08.2023
3;30.08.2023
4;30.08.2023
5;30.08.2023
6;30.08.2023
7;30.08.2023
8;30.08.2023
9;30.08.2023
10;30.08.2023
11;30.08.2023
12;30.08.2023
13;30.08.2023
14;30.08.2023
15;30.08.2023
16;30.08.2023
17;30.08.2023
18;30.08.2023
19;30.08.2023
20;30.08.2023
21;30.08.2023
22;30.08.2023
23;30.08.2023
0;30.08.2023
1;30.08.2023
2;30.08.2023
3;31.08.2023
4;31.08.2023
5;31.08.2023
6;31.08.2023
7;31.08.2023
8;31.08.2023
9;31.08.2023
10;31.08.2023
11;31.08.2023
12;31.08.2023
13;31.08.2023
14;31.08.2023
15;31.08.2023
16;31.08.2023
17;31.08.2023
18;31.08.2023
19;31.08.2023
20;31.08.2023
21;31.08.2023
22;31.08.2023
23;31.08.2023
0;31.08.2023
1;31.08.2023
2;31.08.2023
3;01.09.2023
4;01.09.2023
5;01.09.2023
6;01.09.2023
7;01.09.2023
8;01.09.2023
9;01.09.2023
10;01.09.2023
11;01.09.2023
12;01.09.2023
13;01.09.2023
14;01.09.2023
15;01.09.2023
16;01.09.2023
17;01.09.2023
18;01.09.2023
19;01.09.2023
20;01.09.2023
21;01.09.2023
22;01.09.2023
23;01.09.2023
0;01.09.2023
1;01.09.2023
2;01.09.2023
3;02.09.2023
4;02.09.2023
5;02.09.2023
6;02.09.2023
7;02.09.2023
8;02.09.2023
9;02.09.2023
10;02.09.2023
11;02.09.2023
12;02.09.2023
13;02.09.2023
14;02.09.2023
15;02.09.2023
16;02.09.2023
17;02.09.2023
18;02.09.2023
19;02.09.2023
20;02.09.2023
